epoch,box,dfl,cls,Recall,Precision,mAP@50,mAP
001,1.572,1.572,1.282,0.618,0.618,0.724,0.413
002,1.502,1.502,1.050,0.621,0.621,0.732,0.413
003,1.528,1.528,1.045,0.601,0.601,0.709,0.398
004,1.532,1.532,1.036,0.617,0.617,0.725,0.407
005,1.509,1.509,0.998,0.638,0.638,0.746,0.430
006,1.491,1.491,0.973,0.623,0.623,0.743,0.429
007,1.473,1.473,0.950,0.630,0.630,0.748,0.439
008,1.456,1.456,0.934,0.630,0.630,0.750,0.438
009,1.449,1.449,0.921,0.645,0.645,0.757,0.447
010,1.438,1.438,0.912,0.655,0.655,0.770,0.454
011,1.426,1.426,0.901,0.656,0.656,0.772,0.458
012,1.421,1.421,0.893,0.662,0.662,0.776,0.461
013,1.413,1.413,0.887,0.667,0.667,0.780,0.463
014,1.410,1.410,0.878,0.666,0.666,0.782,0.467
015,1.404,1.404,0.877,0.674,0.674,0.785,0.471
016,1.396,1.396,0.868,0.666,0.666,0.784,0.473
017,1.390,1.390,0.862,0.668,0.668,0.788,0.475
018,1.392,1.392,0.862,0.678,0.678,0.789,0.475
019,1.380,1.380,0.854,0.680,0.680,0.793,0.481
020,1.377,1.377,0.852,0.680,0.680,0.793,0.479
021,1.378,1.378,0.851,0.680,0.680,0.792,0.480
022,1.371,1.371,0.844,0.682,0.682,0.794,0.482
023,1.373,1.373,0.842,0.685,0.685,0.796,0.484
024,1.366,1.366,0.836,0.686,0.686,0.798,0.487
025,1.366,1.366,0.838,0.683,0.683,0.797,0.488
026,1.360,1.360,0.834,0.687,0.687,0.801,0.490
027,1.363,1.363,0.834,0.686,0.686,0.799,0.490
028,1.359,1.359,0.833,0.691,0.691,0.803,0.491
029,1.355,1.355,0.827,0.683,0.683,0.801,0.493
030,1.354,1.354,0.826,0.689,0.689,0.804,0.494
031,1.350,1.350,0.822,0.692,0.692,0.805,0.497
032,1.351,1.351,0.822,0.697,0.697,0.808,0.496
033,1.343,1.343,0.818,0.695,0.695,0.807,0.498
034,1.341,1.341,0.817,0.694,0.694,0.808,0.498
035,1.342,1.342,0.814,0.698,0.698,0.808,0.498
036,1.342,1.342,0.814,0.701,0.701,0.809,0.501
037,1.341,1.341,0.812,0.702,0.702,0.810,0.501
038,1.344,1.344,0.812,0.702,0.702,0.812,0.503
039,1.340,1.340,0.812,0.699,0.699,0.812,0.503
040,1.338,1.338,0.810,0.702,0.702,0.813,0.504
041,1.329,1.329,0.804,0.698,0.698,0.811,0.505
042,1.331,1.331,0.803,0.704,0.704,0.813,0.505
043,1.329,1.329,0.800,0.705,0.705,0.814,0.506
044,1.329,1.329,0.801,0.704,0.704,0.814,0.507
045,1.332,1.332,0.804,0.706,0.706,0.815,0.509
046,1.327,1.327,0.800,0.702,0.702,0.815,0.509
047,1.326,1.326,0.799,0.709,0.709,0.817,0.510
048,1.323,1.323,0.796,0.705,0.705,0.816,0.511
049,1.328,1.328,0.798,0.707,0.707,0.818,0.511
050,1.319,1.319,0.793,0.709,0.709,0.818,0.511
051,1.325,1.325,0.794,0.710,0.710,0.819,0.513
052,1.322,1.322,0.791,0.712,0.712,0.820,0.513
053,1.320,1.320,0.791,0.712,0.712,0.819,0.513
054,1.323,1.323,0.790,0.714,0.714,0.820,0.514
055,1.314,1.314,0.787,0.712,0.712,0.821,0.514
056,1.319,1.319,0.789,0.711,0.711,0.821,0.515
057,1.319,1.319,0.790,0.713,0.713,0.822,0.516
058,1.312,1.312,0.786,0.712,0.712,0.821,0.516
059,1.310,1.310,0.785,0.711,0.711,0.822,0.516
060,1.311,1.311,0.784,0.712,0.712,0.822,0.517
061,1.312,1.312,0.785,0.714,0.714,0.823,0.517
062,1.311,1.311,0.784,0.714,0.714,0.822,0.517
063,1.309,1.309,0.783,0.715,0.715,0.823,0.517
064,1.310,1.310,0.783,0.716,0.716,0.824,0.518
065,1.306,1.306,0.781,0.716,0.716,0.825,0.519
066,1.310,1.310,0.781,0.716,0.716,0.824,0.519
067,1.308,1.308,0.782,0.716,0.716,0.824,0.519
068,1.310,1.310,0.783,0.716,0.716,0.824,0.519
069,1.305,1.305,0.779,0.717,0.717,0.825,0.520
070,1.304,1.304,0.776,0.716,0.716,0.824,0.520
071,1.298,1.298,0.774,0.718,0.718,0.826,0.521
072,1.300,1.300,0.773,0.718,0.718,0.826,0.521
073,1.307,1.307,0.777,0.720,0.720,0.826,0.521
074,1.301,1.301,0.774,0.719,0.719,0.827,0.521
075,1.300,1.300,0.772,0.719,0.719,0.827,0.522
076,1.302,1.302,0.772,0.718,0.718,0.827,0.522
077,1.302,1.302,0.772,0.719,0.719,0.827,0.522
078,1.305,1.305,0.777,0.719,0.719,0.827,0.522
079,1.299,1.299,0.771,0.719,0.719,0.827,0.523
080,1.301,1.301,0.772,0.720,0.720,0.827,0.522
081,1.300,1.300,0.770,0.720,0.720,0.827,0.523
082,1.296,1.296,0.770,0.719,0.719,0.827,0.523
083,1.295,1.295,0.769,0.718,0.718,0.827,0.523
084,1.298,1.298,0.771,0.720,0.720,0.828,0.523
085,1.295,1.295,0.767,0.720,0.720,0.828,0.523
086,1.298,1.298,0.770,0.721,0.721,0.828,0.524
087,1.293,1.293,0.768,0.721,0.721,0.828,0.524
088,1.299,1.299,0.768,0.720,0.720,0.828,0.524
089,1.299,1.299,0.769,0.720,0.720,0.828,0.524
090,1.294,1.294,0.766,0.721,0.721,0.829,0.524
091,1.293,1.293,0.766,0.721,0.721,0.829,0.524
092,1.293,1.293,0.765,0.722,0.722,0.829,0.525
093,1.290,1.290,0.763,0.721,0.721,0.829,0.524
094,1.294,1.294,0.767,0.722,0.722,0.829,0.525
095,1.289,1.289,0.764,0.722,0.722,0.829,0.525
096,1.285,1.285,0.762,0.722,0.722,0.829,0.525
097,1.288,1.288,0.763,0.722,0.722,0.829,0.525
098,1.289,1.289,0.761,0.722,0.722,0.829,0.525
099,1.286,1.286,0.760,0.723,0.723,0.829,0.525
100,1.288,1.288,0.762,0.722,0.722,0.829,0.525
101,1.285,1.285,0.761,0.722,0.722,0.830,0.525
102,1.288,1.288,0.761,0.723,0.723,0.830,0.526
103,1.286,1.286,0.760,0.723,0.723,0.830,0.526
104,1.286,1.286,0.761,0.723,0.723,0.830,0.526
105,1.284,1.284,0.755,0.724,0.724,0.830,0.526
106,1.289,1.289,0.761,0.724,0.724,0.830,0.526
107,1.284,1.284,0.757,0.724,0.724,0.830,0.526
108,1.284,1.284,0.758,0.723,0.723,0.830,0.526
109,1.286,1.286,0.759,0.724,0.724,0.830,0.526
110,1.282,1.282,0.758,0.724,0.724,0.830,0.526
111,1.277,1.277,0.754,0.724,0.724,0.830,0.526
112,1.281,1.281,0.753,0.724,0.724,0.830,0.526
113,1.289,1.289,0.758,0.724,0.724,0.831,0.526
114,1.282,1.282,0.755,0.724,0.724,0.831,0.527
115,1.277,1.277,0.754,0.724,0.724,0.831,0.527
116,1.277,1.277,0.752,0.724,0.724,0.831,0.527
117,1.284,1.284,0.754,0.723,0.723,0.831,0.527
118,1.278,1.278,0.753,0.723,0.723,0.831,0.527
119,1.278,1.278,0.752,0.724,0.724,0.831,0.527
120,1.275,1.275,0.749,0.724,0.724,0.831,0.527
121,1.274,1.274,0.751,0.724,0.724,0.831,0.527
122,1.279,1.279,0.752,0.724,0.724,0.831,0.527
123,1.277,1.277,0.751,0.724,0.724,0.831,0.527
124,1.280,1.280,0.750,0.725,0.725,0.831,0.527
125,1.278,1.278,0.752,0.725,0.725,0.831,0.527
126,1.279,1.279,0.751,0.725,0.725,0.831,0.527
127,1.276,1.276,0.752,0.725,0.725,0.831,0.528
128,1.269,1.269,0.749,0.724,0.724,0.831,0.528
129,1.275,1.275,0.748,0.725,0.725,0.831,0.528
130,1.278,1.278,0.753,0.725,0.725,0.831,0.528
131,1.272,1.272,0.748,0.725,0.725,0.831,0.528
132,1.272,1.272,0.743,0.724,0.724,0.831,0.528
133,1.274,1.274,0.750,0.723,0.723,0.831,0.528
134,1.274,1.274,0.748,0.723,0.723,0.831,0.528
135,1.269,1.269,0.745,0.723,0.723,0.831,0.528
136,1.272,1.272,0.745,0.723,0.723,0.831,0.528
137,1.275,1.275,0.747,0.723,0.723,0.831,0.528
138,1.272,1.272,0.744,0.723,0.723,0.831,0.528
139,1.269,1.269,0.746,0.723,0.723,0.831,0.528
140,1.269,1.269,0.742,0.723,0.723,0.831,0.528
141,1.268,1.268,0.743,0.722,0.722,0.832,0.528
142,1.272,1.272,0.746,0.723,0.723,0.831,0.528
143,1.273,1.273,0.747,0.723,0.723,0.832,0.528
144,1.268,1.268,0.743,0.723,0.723,0.831,0.528
145,1.271,1.271,0.744,0.723,0.723,0.832,0.528
146,1.267,1.267,0.744,0.723,0.723,0.832,0.528
147,1.265,1.265,0.743,0.724,0.724,0.832,0.528
148,1.266,1.266,0.744,0.724,0.724,0.832,0.528
149,1.267,1.267,0.744,0.724,0.724,0.832,0.528
150,1.266,1.266,0.741,0.724,0.724,0.832,0.528
151,1.269,1.269,0.741,0.724,0.724,0.832,0.528
152,1.274,1.274,0.745,0.724,0.724,0.832,0.528
153,1.265,1.265,0.743,0.724,0.724,0.832,0.528
154,1.269,1.269,0.743,0.724,0.724,0.832,0.528
155,1.266,1.266,0.741,0.724,0.724,0.832,0.528
156,1.264,1.264,0.741,0.724,0.724,0.832,0.528
157,1.266,1.266,0.740,0.724,0.724,0.832,0.528
158,1.268,1.268,0.743,0.724,0.724,0.832,0.528
159,1.265,1.265,0.740,0.724,0.724,0.832,0.529
160,1.266,1.266,0.745,0.724,0.724,0.832,0.529
161,1.264,1.264,0.741,0.724,0.724,0.832,0.529
162,1.266,1.266,0.739,0.724,0.724,0.832,0.529
163,1.264,1.264,0.740,0.724,0.724,0.832,0.529
164,1.262,1.262,0.740,0.724,0.724,0.832,0.529
165,1.268,1.268,0.740,0.724,0.724,0.832,0.529
166,1.269,1.269,0.741,0.725,0.725,0.832,0.529
167,1.263,1.263,0.741,0.724,0.724,0.832,0.529
168,1.265,1.265,0.740,0.724,0.724,0.832,0.529
169,1.257,1.257,0.733,0.724,0.724,0.832,0.529
170,1.266,1.266,0.741,0.724,0.724,0.832,0.529
171,1.262,1.262,0.736,0.724,0.724,0.832,0.529
172,1.259,1.259,0.736,0.725,0.725,0.832,0.529
173,1.259,1.259,0.736,0.724,0.724,0.832,0.529
174,1.257,1.257,0.739,0.725,0.725,0.832,0.529
175,1.259,1.259,0.733,0.725,0.725,0.832,0.529
176,1.258,1.258,0.736,0.726,0.726,0.832,0.529
177,1.264,1.264,0.739,0.725,0.725,0.832,0.529
178,1.258,1.258,0.735,0.725,0.725,0.832,0.529
179,1.256,1.256,0.731,0.726,0.726,0.832,0.530
180,1.257,1.257,0.733,0.725,0.725,0.832,0.530
181,1.257,1.257,0.732,0.726,0.726,0.833,0.530
182,1.257,1.257,0.734,0.726,0.726,0.833,0.530
183,1.255,1.255,0.732,0.726,0.726,0.833,0.530
184,1.260,1.260,0.737,0.726,0.726,0.833,0.530
185,1.257,1.257,0.734,0.726,0.726,0.833,0.530
186,1.253,1.253,0.734,0.726,0.726,0.833,0.530
187,1.252,1.252,0.731,0.726,0.726,0.833,0.530
188,1.254,1.254,0.730,0.726,0.726,0.833,0.530
189,1.260,1.260,0.735,0.726,0.726,0.833,0.530
190,1.258,1.258,0.732,0.726,0.726,0.833,0.530
191,1.247,1.247,0.728,0.727,0.727,0.833,0.530
192,1.255,1.255,0.733,0.727,0.727,0.833,0.530
193,1.257,1.257,0.732,0.727,0.727,0.833,0.530
194,1.257,1.257,0.729,0.727,0.727,0.833,0.530
195,1.252,1.252,0.731,0.727,0.727,0.833,0.530
196,1.250,1.250,0.730,0.727,0.727,0.833,0.530
197,1.254,1.254,0.732,0.727,0.727,0.833,0.530
198,1.256,1.256,0.730,0.727,0.727,0.833,0.530
199,1.254,1.254,0.730,0.727,0.727,0.833,0.530
200,1.256,1.256,0.731,0.727,0.727,0.833,0.530
201,1.251,1.251,0.728,0.727,0.727,0.833,0.531
202,1.256,1.256,0.730,0.726,0.726,0.833,0.531
203,1.249,1.249,0.727,0.726,0.726,0.833,0.531
204,1.250,1.250,0.726,0.726,0.726,0.833,0.531
205,1.251,1.251,0.728,0.726,0.726,0.833,0.531
206,1.253,1.253,0.729,0.726,0.726,0.833,0.531
207,1.252,1.252,0.730,0.727,0.727,0.833,0.531
208,1.249,1.249,0.727,0.726,0.726,0.833,0.531
209,1.250,1.250,0.729,0.726,0.726,0.833,0.531
210,1.248,1.248,0.722,0.728,0.728,0.833,0.531
211,1.252,1.252,0.727,0.727,0.727,0.833,0.531
212,1.249,1.249,0.726,0.728,0.728,0.833,0.531
213,1.246,1.246,0.726,0.728,0.728,0.833,0.531
214,1.248,1.248,0.725,0.728,0.728,0.834,0.531
215,1.245,1.245,0.724,0.728,0.728,0.834,0.531
216,1.245,1.245,0.722,0.728,0.728,0.834,0.531
217,1.248,1.248,0.723,0.728,0.728,0.834,0.531
218,1.248,1.248,0.723,0.728,0.728,0.834,0.531
219,1.245,1.245,0.723,0.728,0.728,0.834,0.531
220,1.247,1.247,0.724,0.728,0.728,0.834,0.531
221,1.244,1.244,0.722,0.728,0.728,0.834,0.531
222,1.247,1.247,0.722,0.728,0.728,0.834,0.531
223,1.248,1.248,0.724,0.728,0.728,0.834,0.531
224,1.247,1.247,0.725,0.728,0.728,0.834,0.531
225,1.246,1.246,0.722,0.728,0.728,0.834,0.531
226,1.245,1.245,0.722,0.729,0.729,0.834,0.531
227,1.244,1.244,0.724,0.728,0.728,0.834,0.531
228,1.244,1.244,0.722,0.729,0.729,0.834,0.531
229,1.242,1.242,0.720,0.729,0.729,0.834,0.531
230,1.243,1.243,0.721,0.729,0.729,0.834,0.531
231,1.245,1.245,0.721,0.729,0.729,0.834,0.531
232,1.242,1.242,0.721,0.730,0.730,0.834,0.531
233,1.246,1.246,0.722,0.730,0.730,0.834,0.532
234,1.245,1.245,0.722,0.730,0.730,0.834,0.532
235,1.240,1.240,0.718,0.730,0.730,0.834,0.532
236,1.243,1.243,0.720,0.729,0.729,0.834,0.532
237,1.239,1.239,0.718,0.730,0.730,0.834,0.532
238,1.240,1.240,0.717,0.729,0.729,0.834,0.532
239,1.241,1.241,0.718,0.730,0.730,0.834,0.532
240,1.244,1.244,0.720,0.730,0.730,0.834,0.532
241,1.241,1.241,0.718,0.730,0.730,0.834,0.532
242,1.240,1.240,0.719,0.731,0.731,0.834,0.532
243,1.241,1.241,0.720,0.731,0.731,0.834,0.532
244,1.243,1.243,0.721,0.730,0.730,0.834,0.532
245,1.239,1.239,0.719,0.731,0.731,0.834,0.532
246,1.237,1.237,0.717,0.730,0.730,0.834,0.532
247,1.237,1.237,0.719,0.730,0.730,0.834,0.532
248,1.240,1.240,0.723,0.730,0.730,0.834,0.532
249,1.238,1.238,0.715,0.730,0.730,0.834,0.533
250,1.239,1.239,0.719,0.730,0.730,0.834,0.532
251,1.238,1.238,0.718,0.730,0.730,0.835,0.533
252,1.237,1.237,0.715,0.729,0.729,0.834,0.533
253,1.238,1.238,0.715,0.730,0.730,0.834,0.533
254,1.237,1.237,0.717,0.729,0.729,0.835,0.533
255,1.235,1.235,0.714,0.729,0.729,0.835,0.533
256,1.239,1.239,0.717,0.729,0.729,0.835,0.533
257,1.238,1.238,0.719,0.730,0.730,0.835,0.533
258,1.236,1.236,0.714,0.730,0.730,0.835,0.533
259,1.237,1.237,0.714,0.730,0.730,0.835,0.533
260,1.237,1.237,0.714,0.730,0.730,0.835,0.533
261,1.237,1.237,0.713,0.730,0.730,0.835,0.533
262,1.233,1.233,0.714,0.729,0.729,0.835,0.533
263,1.234,1.234,0.712,0.730,0.730,0.835,0.533
264,1.237,1.237,0.716,0.730,0.730,0.835,0.533
265,1.236,1.236,0.715,0.730,0.730,0.835,0.533
266,1.235,1.235,0.713,0.730,0.730,0.835,0.533
267,1.233,1.233,0.713,0.730,0.730,0.835,0.533
268,1.238,1.238,0.714,0.730,0.730,0.835,0.533
269,1.234,1.234,0.713,0.730,0.730,0.835,0.533
270,1.233,1.233,0.715,0.730,0.730,0.835,0.533
271,1.235,1.235,0.714,0.730,0.730,0.835,0.533
272,1.233,1.233,0.710,0.730,0.730,0.835,0.533
273,1.234,1.234,0.713,0.730,0.730,0.835,0.533
274,1.235,1.235,0.717,0.730,0.730,0.835,0.533
275,1.235,1.235,0.715,0.730,0.730,0.835,0.533
276,1.235,1.235,0.712,0.730,0.730,0.836,0.533
277,1.231,1.231,0.711,0.731,0.731,0.836,0.533
278,1.233,1.233,0.711,0.730,0.730,0.836,0.533
279,1.232,1.232,0.711,0.730,0.730,0.836,0.533
280,1.232,1.232,0.712,0.730,0.730,0.835,0.533
281,1.228,1.228,0.710,0.730,0.730,0.836,0.533
282,1.228,1.228,0.710,0.730,0.730,0.836,0.534
283,1.229,1.229,0.710,0.730,0.730,0.836,0.534
284,1.231,1.231,0.710,0.730,0.730,0.836,0.534
285,1.227,1.227,0.708,0.731,0.731,0.836,0.534
286,1.227,1.227,0.707,0.731,0.731,0.836,0.534
287,1.229,1.229,0.707,0.730,0.730,0.836,0.534
288,1.228,1.228,0.709,0.730,0.730,0.836,0.534
289,1.226,1.226,0.708,0.731,0.731,0.836,0.534
290,1.227,1.227,0.707,0.731,0.731,0.836,0.534
291,1.227,1.227,0.707,0.731,0.731,0.836,0.534
292,1.227,1.227,0.709,0.731,0.731,0.836,0.534
293,1.233,1.233,0.711,0.731,0.731,0.836,0.534
294,1.227,1.227,0.709,0.731,0.731,0.836,0.534
295,1.232,1.232,0.710,0.731,0.731,0.836,0.534
296,1.222,1.222,0.705,0.731,0.731,0.836,0.534
297,1.228,1.228,0.710,0.732,0.732,0.836,0.534
298,1.226,1.226,0.708,0.731,0.731,0.836,0.534
299,1.227,1.227,0.708,0.732,0.732,0.836,0.534
300,1.224,1.224,0.706,0.732,0.732,0.836,0.534
301,1.225,1.225,0.704,0.732,0.732,0.836,0.534
302,1.225,1.225,0.709,0.732,0.732,0.836,0.534
303,1.226,1.226,0.706,0.732,0.732,0.836,0.534
304,1.227,1.227,0.705,0.732,0.732,0.836,0.534
305,1.230,1.230,0.708,0.732,0.732,0.836,0.534
306,1.227,1.227,0.706,0.732,0.732,0.836,0.534
307,1.225,1.225,0.706,0.732,0.732,0.836,0.534
308,1.222,1.222,0.706,0.732,0.732,0.836,0.534
309,1.225,1.225,0.704,0.733,0.733,0.836,0.534
310,1.227,1.227,0.706,0.732,0.732,0.836,0.534
311,1.224,1.224,0.706,0.733,0.733,0.836,0.534
312,1.229,1.229,0.708,0.732,0.732,0.836,0.534
313,1.223,1.223,0.704,0.733,0.733,0.837,0.534
314,1.224,1.224,0.706,0.732,0.732,0.837,0.535
315,1.222,1.222,0.705,0.732,0.732,0.836,0.534
316,1.222,1.222,0.706,0.732,0.732,0.836,0.535
317,1.224,1.224,0.704,0.732,0.732,0.837,0.535
318,1.223,1.223,0.703,0.732,0.732,0.836,0.535
319,1.222,1.222,0.702,0.733,0.733,0.836,0.534
320,1.224,1.224,0.706,0.732,0.732,0.836,0.535
321,1.221,1.221,0.704,0.732,0.732,0.836,0.534
322,1.217,1.217,0.699,0.733,0.733,0.836,0.534
323,1.219,1.219,0.701,0.732,0.732,0.836,0.535
324,1.221,1.221,0.701,0.732,0.732,0.836,0.535
325,1.219,1.219,0.702,0.733,0.733,0.837,0.535
326,1.223,1.223,0.704,0.732,0.732,0.837,0.535
327,1.222,1.222,0.700,0.732,0.732,0.836,0.534
328,1.219,1.219,0.702,0.732,0.732,0.836,0.534
329,1.217,1.217,0.700,0.732,0.732,0.837,0.535
330,1.214,1.214,0.700,0.733,0.733,0.836,0.534
331,1.213,1.213,0.699,0.732,0.732,0.837,0.535
332,1.220,1.220,0.702,0.732,0.732,0.836,0.535
333,1.216,1.216,0.698,0.732,0.732,0.837,0.535
334,1.215,1.215,0.698,0.733,0.733,0.837,0.535
335,1.216,1.216,0.699,0.733,0.733,0.836,0.535
336,1.218,1.218,0.700,0.733,0.733,0.836,0.535
337,1.218,1.218,0.700,0.733,0.733,0.837,0.535
338,1.213,1.213,0.697,0.733,0.733,0.837,0.535
339,1.218,1.218,0.698,0.733,0.733,0.837,0.535
340,1.215,1.215,0.698,0.732,0.732,0.837,0.535
341,1.219,1.219,0.699,0.733,0.733,0.837,0.535
342,1.216,1.216,0.698,0.733,0.733,0.837,0.535
343,1.218,1.218,0.699,0.733,0.733,0.837,0.535
344,1.215,1.215,0.697,0.732,0.732,0.837,0.535
345,1.213,1.213,0.695,0.733,0.733,0.837,0.535
346,1.215,1.215,0.696,0.733,0.733,0.837,0.535
347,1.213,1.213,0.695,0.733,0.733,0.837,0.535
348,1.217,1.217,0.698,0.733,0.733,0.837,0.535
349,1.215,1.215,0.697,0.733,0.733,0.837,0.535
350,1.214,1.214,0.698,0.733,0.733,0.837,0.535
351,1.211,1.211,0.696,0.733,0.733,0.837,0.535
352,1.211,1.211,0.696,0.732,0.732,0.837,0.535
353,1.208,1.208,0.696,0.733,0.733,0.837,0.535
354,1.210,1.210,0.695,0.733,0.733,0.837,0.535
355,1.213,1.213,0.696,0.733,0.733,0.837,0.535
356,1.212,1.212,0.694,0.733,0.733,0.837,0.535
357,1.213,1.213,0.698,0.733,0.733,0.837,0.535
358,1.215,1.215,0.695,0.732,0.732,0.837,0.535
359,1.204,1.204,0.691,0.732,0.732,0.837,0.535
360,1.214,1.214,0.695,0.732,0.732,0.837,0.535
361,1.207,1.207,0.691,0.732,0.732,0.837,0.535
362,1.206,1.206,0.693,0.732,0.732,0.837,0.535
363,1.208,1.208,0.692,0.731,0.731,0.837,0.535
364,1.209,1.209,0.692,0.731,0.731,0.837,0.535
365,1.205,1.205,0.693,0.731,0.731,0.837,0.535
366,1.210,1.210,0.695,0.731,0.731,0.837,0.535
367,1.207,1.207,0.692,0.732,0.732,0.837,0.535
368,1.207,1.207,0.693,0.732,0.732,0.837,0.535
369,1.202,1.202,0.686,0.731,0.731,0.837,0.535
370,1.209,1.209,0.691,0.731,0.731,0.837,0.535
371,1.212,1.212,0.695,0.731,0.731,0.837,0.535
372,1.204,1.204,0.689,0.731,0.731,0.837,0.535
373,1.209,1.209,0.693,0.731,0.731,0.837,0.535
374,1.207,1.207,0.692,0.731,0.731,0.837,0.535
375,1.206,1.206,0.691,0.731,0.731,0.837,0.535
376,1.206,1.206,0.688,0.732,0.732,0.837,0.535
377,1.208,1.208,0.688,0.732,0.732,0.837,0.535
378,1.203,1.203,0.689,0.731,0.731,0.837,0.535
379,1.206,1.206,0.689,0.731,0.731,0.837,0.535
380,1.206,1.206,0.688,0.731,0.731,0.837,0.535
381,1.204,1.204,0.688,0.731,0.731,0.837,0.535
382,1.205,1.205,0.689,0.732,0.732,0.837,0.535
383,1.201,1.201,0.688,0.731,0.731,0.837,0.535
384,1.210,1.210,0.692,0.731,0.731,0.837,0.535
385,1.203,1.203,0.689,0.732,0.732,0.837,0.535
386,1.204,1.204,0.690,0.732,0.732,0.837,0.535
387,1.201,1.201,0.688,0.732,0.732,0.837,0.535
388,1.199,1.199,0.687,0.731,0.731,0.837,0.535
389,1.200,1.200,0.687,0.731,0.731,0.837,0.535
390,1.202,1.202,0.687,0.732,0.732,0.837,0.535
391,1.200,1.200,0.684,0.732,0.732,0.837,0.535
392,1.206,1.206,0.688,0.732,0.732,0.837,0.535
393,1.197,1.197,0.684,0.732,0.732,0.838,0.535
394,1.201,1.201,0.688,0.732,0.732,0.838,0.535
395,1.200,1.200,0.685,0.732,0.732,0.838,0.535
396,1.200,1.200,0.685,0.733,0.733,0.838,0.535
397,1.199,1.199,0.685,0.732,0.732,0.838,0.535
398,1.197,1.197,0.686,0.733,0.733,0.838,0.535
399,1.202,1.202,0.689,0.732,0.732,0.838,0.535
400,1.196,1.196,0.684,0.732,0.732,0.838,0.535
401,1.200,1.200,0.685,0.733,0.733,0.838,0.535
402,1.199,1.199,0.686,0.733,0.733,0.838,0.535
403,1.201,1.201,0.684,0.733,0.733,0.838,0.535
404,1.195,1.195,0.681,0.733,0.733,0.838,0.535
405,1.191,1.191,0.680,0.733,0.733,0.838,0.535
406,1.200,1.200,0.685,0.732,0.732,0.838,0.535
407,1.197,1.197,0.684,0.732,0.732,0.838,0.535
408,1.195,1.195,0.680,0.732,0.732,0.838,0.535
409,1.196,1.196,0.681,0.732,0.732,0.838,0.535
410,1.195,1.195,0.681,0.732,0.732,0.838,0.535
411,1.199,1.199,0.682,0.732,0.732,0.838,0.535
412,1.197,1.197,0.684,0.732,0.732,0.838,0.535
413,1.194,1.194,0.683,0.732,0.732,0.838,0.535
414,1.192,1.192,0.680,0.732,0.732,0.838,0.535
415,1.193,1.193,0.681,0.732,0.732,0.838,0.535
416,1.194,1.194,0.680,0.732,0.732,0.838,0.535
417,1.194,1.194,0.679,0.732,0.732,0.838,0.535
418,1.196,1.196,0.682,0.733,0.733,0.838,0.535
419,1.194,1.194,0.680,0.733,0.733,0.838,0.535
420,1.196,1.196,0.681,0.732,0.732,0.838,0.535
421,1.193,1.193,0.680,0.733,0.733,0.838,0.535
422,1.192,1.192,0.678,0.733,0.733,0.838,0.535
423,1.193,1.193,0.681,0.732,0.732,0.838,0.535
424,1.187,1.187,0.679,0.732,0.732,0.838,0.535
425,1.188,1.188,0.678,0.732,0.732,0.838,0.535
426,1.187,1.187,0.679,0.732,0.732,0.838,0.535
427,1.191,1.191,0.680,0.732,0.732,0.838,0.535
428,1.190,1.190,0.678,0.733,0.733,0.838,0.535
429,1.188,1.188,0.678,0.733,0.733,0.838,0.535
430,1.188,1.188,0.677,0.733,0.733,0.838,0.535
431,1.185,1.185,0.676,0.732,0.732,0.838,0.535
432,1.183,1.183,0.675,0.732,0.732,0.838,0.535
433,1.188,1.188,0.678,0.732,0.732,0.838,0.535
434,1.191,1.191,0.680,0.732,0.732,0.838,0.535
435,1.189,1.189,0.675,0.732,0.732,0.838,0.535
436,1.186,1.186,0.675,0.732,0.732,0.838,0.535
437,1.187,1.187,0.676,0.733,0.733,0.838,0.535
438,1.190,1.190,0.676,0.733,0.733,0.838,0.535
439,1.187,1.187,0.675,0.733,0.733,0.838,0.535
440,1.188,1.188,0.676,0.733,0.733,0.838,0.535
441,1.183,1.183,0.673,0.733,0.733,0.838,0.535
442,1.185,1.185,0.673,0.733,0.733,0.838,0.535
443,1.187,1.187,0.675,0.733,0.733,0.839,0.535
444,1.188,1.188,0.676,0.734,0.734,0.839,0.535
445,1.182,1.182,0.675,0.733,0.733,0.838,0.535
446,1.188,1.188,0.674,0.733,0.733,0.839,0.535
447,1.181,1.181,0.671,0.733,0.733,0.838,0.535
448,1.184,1.184,0.673,0.733,0.733,0.838,0.535
449,1.180,1.180,0.670,0.733,0.733,0.838,0.535
450,1.182,1.182,0.672,0.733,0.733,0.838,0.535
451,1.181,1.181,0.671,0.733,0.733,0.838,0.535
452,1.181,1.181,0.671,0.733,0.733,0.839,0.535
453,1.181,1.181,0.672,0.732,0.732,0.839,0.535
454,1.180,1.180,0.671,0.732,0.732,0.838,0.535
455,1.185,1.185,0.673,0.732,0.732,0.839,0.535
456,1.182,1.182,0.671,0.732,0.732,0.838,0.535
457,1.181,1.181,0.671,0.732,0.732,0.839,0.535
458,1.176,1.176,0.667,0.733,0.733,0.839,0.535
459,1.179,1.179,0.670,0.733,0.733,0.838,0.535
460,1.180,1.180,0.671,0.733,0.733,0.838,0.535
461,1.175,1.175,0.668,0.733,0.733,0.838,0.535
462,1.178,1.178,0.667,0.733,0.733,0.838,0.535
463,1.181,1.181,0.670,0.733,0.733,0.838,0.535
464,1.178,1.178,0.669,0.733,0.733,0.838,0.535
465,1.176,1.176,0.666,0.733,0.733,0.838,0.535
466,1.178,1.178,0.667,0.733,0.733,0.838,0.535
467,1.179,1.179,0.667,0.733,0.733,0.838,0.535
468,1.175,1.175,0.667,0.733,0.733,0.838,0.535
469,1.178,1.178,0.669,0.733,0.733,0.838,0.535
470,1.177,1.177,0.667,0.733,0.733,0.838,0.535
471,1.170,1.170,0.663,0.733,0.733,0.838,0.535
472,1.175,1.175,0.665,0.733,0.733,0.838,0.535
473,1.171,1.171,0.666,0.733,0.733,0.838,0.535
474,1.174,1.174,0.665,0.733,0.733,0.838,0.535
475,1.178,1.178,0.667,0.733,0.733,0.838,0.535
476,1.176,1.176,0.665,0.732,0.732,0.838,0.535
477,1.172,1.172,0.665,0.733,0.733,0.838,0.535
478,1.174,1.174,0.666,0.732,0.732,0.838,0.535
479,1.174,1.174,0.665,0.732,0.732,0.838,0.535
480,1.174,1.174,0.665,0.731,0.731,0.838,0.535
481,1.174,1.174,0.666,0.732,0.732,0.838,0.535
482,1.168,1.168,0.663,0.732,0.732,0.838,0.535
483,1.172,1.172,0.664,0.732,0.732,0.838,0.534
484,1.173,1.173,0.663,0.732,0.732,0.838,0.534
485,1.167,1.167,0.662,0.732,0.732,0.838,0.534
486,1.173,1.173,0.666,0.732,0.732,0.838,0.534
487,1.170,1.170,0.661,0.731,0.731,0.838,0.534
488,1.169,1.169,0.662,0.731,0.731,0.838,0.534
489,1.172,1.172,0.663,0.732,0.732,0.838,0.534
490,1.170,1.170,0.662,0.732,0.732,0.838,0.534
491,1.169,1.169,0.661,0.731,0.731,0.838,0.534
492,1.167,1.167,0.660,0.731,0.731,0.838,0.534
493,1.170,1.170,0.663,0.732,0.732,0.838,0.534
494,1.171,1.171,0.662,0.731,0.731,0.838,0.534
495,1.174,1.174,0.664,0.732,0.732,0.838,0.534
496,1.169,1.169,0.661,0.732,0.732,0.838,0.534
497,1.162,1.162,0.658,0.732,0.732,0.838,0.534
498,1.167,1.167,0.660,0.732,0.732,0.838,0.534
499,1.167,1.167,0.659,0.732,0.732,0.838,0.534
500,1.169,1.169,0.660,0.732,0.732,0.838,0.534
501,1.163,1.163,0.658,0.732,0.732,0.838,0.534
502,1.164,1.164,0.659,0.732,0.732,0.838,0.534
503,1.166,1.166,0.658,0.732,0.732,0.838,0.534
504,1.166,1.166,0.659,0.732,0.732,0.838,0.534
505,1.156,1.156,0.654,0.731,0.731,0.838,0.534
506,1.165,1.165,0.658,0.732,0.732,0.838,0.534
507,1.163,1.163,0.658,0.732,0.732,0.838,0.534
508,1.162,1.162,0.656,0.731,0.731,0.838,0.534
509,1.161,1.161,0.655,0.731,0.731,0.838,0.534
510,1.161,1.161,0.655,0.731,0.731,0.838,0.534
511,1.156,1.156,0.652,0.731,0.731,0.838,0.534
512,1.156,1.156,0.653,0.731,0.731,0.838,0.534
513,1.160,1.160,0.656,0.731,0.731,0.838,0.534
514,1.158,1.158,0.653,0.731,0.731,0.838,0.534
515,1.158,1.158,0.654,0.731,0.731,0.838,0.534
516,1.154,1.154,0.653,0.731,0.731,0.838,0.534
517,1.159,1.159,0.651,0.731,0.731,0.838,0.534
518,1.157,1.157,0.654,0.731,0.731,0.838,0.534
519,1.153,1.153,0.649,0.732,0.732,0.838,0.534
520,1.158,1.158,0.652,0.732,0.732,0.838,0.534
521,1.160,1.160,0.654,0.731,0.731,0.838,0.534
522,1.157,1.157,0.652,0.731,0.731,0.838,0.534
523,1.157,1.157,0.653,0.732,0.732,0.838,0.534
524,1.154,1.154,0.650,0.731,0.731,0.838,0.534
525,1.152,1.152,0.647,0.731,0.731,0.838,0.534
526,1.154,1.154,0.651,0.731,0.731,0.838,0.534
527,1.156,1.156,0.651,0.732,0.732,0.838,0.534
528,1.157,1.157,0.652,0.731,0.731,0.838,0.534
529,1.157,1.157,0.651,0.732,0.732,0.838,0.534
530,1.151,1.151,0.650,0.732,0.732,0.838,0.534
531,1.156,1.156,0.652,0.732,0.732,0.838,0.534
532,1.150,1.150,0.646,0.732,0.732,0.838,0.534
533,1.154,1.154,0.649,0.731,0.731,0.838,0.534
534,1.149,1.149,0.646,0.731,0.731,0.838,0.534
535,1.151,1.151,0.646,0.731,0.731,0.838,0.534
536,1.148,1.148,0.646,0.731,0.731,0.838,0.534
537,1.148,1.148,0.646,0.731,0.731,0.838,0.534
538,1.148,1.148,0.646,0.731,0.731,0.838,0.534
539,1.151,1.151,0.648,0.731,0.731,0.838,0.533
540,1.146,1.146,0.647,0.731,0.731,0.838,0.534
541,1.150,1.150,0.646,0.731,0.731,0.838,0.534
542,1.146,1.146,0.645,0.731,0.731,0.838,0.533
543,1.145,1.145,0.646,0.731,0.731,0.838,0.533
544,1.146,1.146,0.646,0.731,0.731,0.837,0.533
545,1.147,1.147,0.646,0.731,0.731,0.837,0.533
546,1.144,1.144,0.643,0.731,0.731,0.837,0.533
547,1.143,1.143,0.642,0.731,0.731,0.837,0.533
548,1.149,1.149,0.645,0.731,0.731,0.837,0.533
549,1.143,1.143,0.642,0.731,0.731,0.837,0.533
550,1.145,1.145,0.643,0.731,0.731,0.838,0.533
551,1.143,1.143,0.641,0.731,0.731,0.838,0.533
552,1.142,1.142,0.641,0.731,0.731,0.838,0.533
553,1.148,1.148,0.643,0.732,0.732,0.838,0.533
554,1.142,1.142,0.640,0.731,0.731,0.838,0.533
555,1.136,1.136,0.637,0.731,0.731,0.838,0.533
556,1.140,1.140,0.641,0.731,0.731,0.838,0.533
557,1.142,1.142,0.641,0.732,0.732,0.838,0.533
558,1.142,1.142,0.641,0.732,0.732,0.838,0.533
559,1.138,1.138,0.640,0.732,0.732,0.838,0.533
560,1.139,1.139,0.641,0.731,0.731,0.838,0.533
561,1.137,1.137,0.639,0.732,0.732,0.838,0.533
562,1.139,1.139,0.640,0.732,0.732,0.838,0.533
563,1.142,1.142,0.640,0.732,0.732,0.838,0.533
564,1.135,1.135,0.637,0.732,0.732,0.838,0.533
565,1.138,1.138,0.640,0.732,0.732,0.837,0.533
566,1.138,1.138,0.637,0.732,0.732,0.838,0.533
567,1.139,1.139,0.639,0.732,0.732,0.838,0.533
568,1.138,1.138,0.640,0.732,0.732,0.838,0.533
569,1.138,1.138,0.639,0.732,0.732,0.838,0.533
570,1.140,1.140,0.641,0.732,0.732,0.838,0.533
571,1.133,1.133,0.634,0.733,0.733,0.838,0.533
572,1.134,1.134,0.636,0.733,0.733,0.838,0.533
573,1.133,1.133,0.636,0.732,0.732,0.838,0.533
574,1.132,1.132,0.636,0.732,0.732,0.838,0.533
575,1.131,1.131,0.634,0.732,0.732,0.838,0.533
576,1.138,1.138,0.636,0.733,0.733,0.838,0.533
577,1.131,1.131,0.635,0.732,0.732,0.838,0.533
578,1.131,1.131,0.634,0.732,0.732,0.838,0.533
579,1.133,1.133,0.634,0.733,0.733,0.838,0.532
580,1.132,1.132,0.634,0.733,0.733,0.838,0.532
581,1.130,1.130,0.634,0.733,0.733,0.838,0.532
582,1.132,1.132,0.634,0.733,0.733,0.838,0.532
583,1.128,1.128,0.632,0.733,0.733,0.838,0.532
584,1.129,1.129,0.633,0.733,0.733,0.838,0.532
585,1.131,1.131,0.632,0.733,0.733,0.838,0.532
586,1.126,1.126,0.630,0.733,0.733,0.838,0.532
587,1.127,1.127,0.631,0.733,0.733,0.838,0.532
588,1.134,1.134,0.634,0.732,0.732,0.838,0.532
589,1.129,1.129,0.632,0.732,0.732,0.838,0.532
590,1.131,1.131,0.633,0.732,0.732,0.838,0.532
591,1.095,1.095,0.592,0.733,0.733,0.838,0.532
592,1.081,1.081,0.584,0.733,0.733,0.838,0.532
593,1.078,1.078,0.581,0.733,0.733,0.838,0.532
594,1.074,1.074,0.580,0.733,0.733,0.838,0.532
595,1.075,1.075,0.579,0.733,0.733,0.838,0.532
596,1.071,1.071,0.576,0.732,0.732,0.838,0.532
597,1.073,1.073,0.578,0.732,0.732,0.838,0.532
598,1.071,1.071,0.577,0.733,0.733,0.837,0.532
599,1.069,1.069,0.576,0.733,0.733,0.838,0.532
600,1.067,1.067,0.574,0.733,0.733,0.838,0.532
